{"cameraMode":{"drawMode":0,"name":"Shaded","section":"Shading Mode"},"sceneLighting":true,"audioPlay":false,"sceneViewState":{"showFog":true,"showMaterialUpdate":false,"showSkybox":true,"showFlares":true,"showImageEffects":true,"showParticleSystems":true},"in2DMode":false,"pivot":{"x":-3.916775703430176,"y":0.4737396240234375,"z":-2.337186336517334},"rotation":{"x":-0.16639788448810578,"y":0.40146487951278689,"z":-0.07442786544561386,"w":-0.8975515365600586},"size":9.50186538696289,"orthographic":false}